epoch,step,train_acc,train_loss,val_acc,val_loss
0,4,,,0.5575539469718933,0.6946339011192322
0,4,0.5899280309677124,0.688298761844635,,
