{"val_acc": 0.6364583373069763, "val_loss": 0.7126821875572205, "epoch": 10, "trainer/global_step": 280, "_timestamp": 1723565160.4816852, "_runtime": 32.08480215072632, "_step": 119, "train_acc": 0.6450892686843872, "train_loss": 0.7463531494140625, "test_acc": 0.6486486196517944, "_wandb": {"runtime": 820}}