epoch,step,train_acc,train_loss,val_acc,val_loss
0,32,,,0.5237633585929871,0.6923993825912476
0,32,0.5060591101646423,0.6934241652488708,,
