epoch,step,train_acc,train_loss,val_acc,val_loss
0,32,,,0.5538312196731567,0.6921974420547485
0,32,0.5031507611274719,0.6936555504798889,,
1,65,,,0.5383123159408569,0.6897600293159485
1,65,0.5201163291931152,0.691489577293396,,
2,98,,,0.5567409992218018,0.6867964267730713
2,98,0.5201163291931152,0.6894682049751282,,
