{"val_acc": 0.6036036014556885, "val_loss": 0.6733247637748718, "epoch": 2, "trainer/global_step": 20, "_timestamp": 1723477780.3838122, "_runtime": 22.94177007675171, "_step": 5, "train_acc": 0.5977568626403809, "train_loss": 0.6752403378486633, "_wandb": {"runtime": 20}}