{"val_acc": 0.6486486196517944, "val_loss": 0.6780176162719727, "epoch": 2, "trainer/global_step": 14, "_timestamp": 1723483254.028448, "_runtime": 62.693994998931885, "_step": 207, "train_acc": 0.6001536250114441, "train_loss": 0.6972203850746155, "test_acc": 0.6036036014556885, "_wandb": {"runtime": 61}}