epoch,step,train_acc,train_loss,val_acc,val_loss
0,32,,,0.5657253861427307,0.6911296248435974
0,32,0.5158150792121887,0.6932230591773987,,
