{"val_acc": 0.707812488079071, "val_loss": 0.6041107773780823, "epoch": 10, "trainer/global_step": 280, "_timestamp": 1723565768.677161, "_runtime": 29.093519926071167, "_step": 119, "train_acc": 0.6609718203544617, "train_loss": 0.6387485861778259, "test_acc": 0.7027027010917664}