{"val_acc": 0.6036036014556885, "val_loss": 0.688217043876648, "epoch": 3, "trainer/global_step": 21, "_timestamp": 1723483071.586646, "_runtime": 68.89217519760132, "_step": 211, "train_acc": 0.5997694730758667, "train_loss": 0.6816218495368958, "test_acc": 0.6036036014556885, "_wandb": {"runtime": 67}}