epoch,step,train_acc,train_loss,val_acc,val_loss
0,32,,,0.5538312196731567,0.6921974420547485
0,32,0.5031507611274719,0.6936555504798889,,
