{"val_acc": 0.6396396160125732, "val_loss": 0.67165207862854, "epoch": 2, "trainer/global_step": 14, "_timestamp": 1723483438.2764957, "_runtime": 88.57242679595947, "_step": 311, "train_acc": 0.6035018563270569, "train_loss": 0.6874402761459351, "test_acc": 0.6036036014556885, "_wandb": {"runtime": 109}}